medicine_name,generic_name,strength
Dolo 650,Paracetamol,650mg
Dolo 650 Tablet,Paracetamol,650mg
Crocin 650,Paracetamol,650mg
Crocin Advance,Paracetamol,500mg
Calpol 650,Paracetamol,650mg
Combiflam,Ibuprofen + Paracetamol,400mg/325mg
Azithral 500,Azithromycin,500mg
Augmentin 625,Amoxicillin + Clavulanic Acid,500mg/125mg
Cetzine 10,Cetirizine,10mg
Allegra 120,Fexofenadine,120mg
Pantop 40,Pantoprazole,40mg
Omez 20,Omeprazole,20mg
Brufen 400,Ibuprofen,400mg
Voveran 50,Diclofenac,50mg
Glycomet 500,Metformin,500mg
Ecosprin 75,Aspirin,75mg
Metrogyl 400,Metronidazole,400mg